,한국경제,매일경제,서울경제
2024-02-26,"1. ""진상인 줄 알았는데""…5명이서 2인분 요구한 손님 '반전'
2. ""다들 떨어졌는데 여긴 올랐어요""…집주인들 '환호성' 지른 동네
3. ""식당 제대로 골랐네""…재벌들 '맛집'에 꽂히자 벌어진 일 [김익환의 컴퍼니워치]","1. “우리가 일반 회사원하고 같냐”…의사 반발에 배우 조승우의 대답
2. “저 오늘 나인 투 포 근무예요”…‘이런 근로자’ 사상 최대라는데 무슨 일
3. 19조 ‘잭팟’ 터졌다…불가리아서 원전 공사 따낸 이 회사","1. ""이 나이 먹고 편의점 알바해요""…2030 사이에 '프리터족' 뜨는 이유는
2. [여론조사] ‘이재명 늪’ 빠진 野…6개월 만에 지지율 역전 당했다
3. “전공의 29일까지 복귀하라”…정부, 사실상 최후통첩"
2024-02-25,"1. ""비싼 스타벅스 먹느니…"" 중국서 난리난 '1위 커피' 정체
2. 약사 그만둔 30대女, 미국 가더니…입소문에 '대박' 터졌다 [방준식의 N잡 시대]
3. ""中 남자와 결혼할래요""…미녀 인플루언서 실체에 '패닉' [조아라의 IT's fun]","1. 창원 아파트서 형수와 시동생 숨진 채 발견…강제로 문 열고 들어갔더니
2. “싸다고 덥석 샀는데, 침묵의 살인자라고?”…몸속 스며든다는 ‘이것’ 뭐길래 [Books]
3. “매너男 손흥민, 여성팬 사인 요청을 거부했다”…영국 매체 “그럴 만한 이유 있어”","1. ""北김정은, 자신과 너무 닮지 않아 장남 숨겨""…어떻게 생겼기에?
2. 할리우드 발칵 뒤집더니…韓 깊숙이 침투한 ‘딥페이크’
3. “수술실 안 떠나…환자들 불안해 말라” 외과교수의 호소"
2024-02-24,"1. “신기하게 냄새가 안 나요”… 테슬라 서비스센터 가보니 [백수전의 '테슬람이 간다']
2. ""웬만한 건 쿠팡서 사요""…직격탄 맞은 대형마트 볕들 날 올까 [노유정의 의식주]
3. 홍준표, 손흥민에 사과한 이강인 또 저격…""심성 어디 가나?""","1. 한국인 감독 떠나자마자 팀 ‘박살’…1위에서 쫓겨나는 굴욕까지 [신짜오 베트남]
2. “이강인, ‘손흥민에 하극상’ 때문에 100억 손해…‘경제적 처벌’ 무거워”
3. “듣보잡 코인인줄 알았는데 터졌네”…비트코인도 따라잡은 ‘이것’ 뭐길래","1. 할리우드 발칵 뒤집더니…韓 깊숙이 침투한 ‘딥페이크’
2. 100만명 청약설 '디퍼아' 줍줍… 덜컥 당첨됐다간 낭패? [집슐랭]
3. '여자의 촉'이라며 이준석 비판하더니…철새 정치인의 반성문"
2024-02-23,"1. ""서초구 산기슭에 살지만""…'2조' 현금부자 회사의 변신 [김익환의 컴퍼니워치]
2. ""무슨 이유든 떠날 당시 의사…돌아가라"" 의사 선배의 호소
3. ""여보, 이거 너무 이쁘다"" 여심 저격…170만원대 신상 가전","1. “어딜 만지는거야”…아이브 안유진 골반 ‘나쁜손 논란’ 남성의 정체
2. 유명 작곡가 신사동호랭이, 숨진 채 발견
3. [단독] 임창정 미용실, 100만원대 멤버십 가입비 받고 ‘먹튀’","1. 강남 이어 여의도 새 아파트로… 9000원에 '호텔급 식사'
2. ""파리지앵 되기 어렵네""…돈 잔뜩 쓰고 만족도 낮은 나라 1위 '프랑스'
3. '스타강사' 레이나 與영입에 예비 고3·재수생 '멘붕', 왜?"
2024-02-22,"1. 손흥민·이강인 화해에 '축협' 반응 나왔다…""기쁘고 흥분돼""
2. ""한동훈 나오면 땡큐""라더니…이재명에 닥친 악재 10가지
3. ""이번엔 한국에 꼭 풀베팅""…외국인들 작정하고 노린다는데 [최만수의 스톡 네비게이션]","1. “내 남편 이제 편히 즐겨요”…황정음, 재결합 3년 만에 이혼 소송
2. “아들, 금리가 6.5%나 된대”…2030 돈 불려주는 ‘특별 패키지’ 나온다
3. “400만원→2000만원 떡상할 것”…삼성 몸값 맞먹는 ‘이것’ 정체는","1. ""일본여행 가려는데 출국금지""…병무청 vs 병역미필 전공의 공방
2. “한국인은 라멘 더 비싸게 먹어라?”…日 ‘외국인 가격제’ 검토
3. ""35세 의사 연봉 4억?""…소득 논란에 의사 시절 급여 공개한 국회의원"
2024-02-21,"1. ""덱스 보고 용기 얻었어요""…20대 직장인 정신과 찾는 이유 [이슈+]
2. ""아빠가 타던 쏘나타, 우리는 안 타요""…20대 '국민 세단'은?
3. ""삼성맨 대단하네""…10억 수원 아파트에 놀라운 소식 터졌다","1. [단독] 임창정 연기학원 ‘먹튀’ 논란…광고 출연한 배우들에게 출연료 안줘
2. “돈만 잔뜩 쓰고” 최악 해외여행지는 ‘여기’…가성비 최고는 일본
3. 한 마리 1만6000원→668만원 ‘떡상’…쓰레기통에서 보물 찾았네","1. ""'탕후루 열풍' 빈말 아니었다""…탕후루 가게 14배 늘고 매출도 17배 급증
2. ""친구 한동훈이 시켰냐""…尹대통령 부부와 밥 먹은 이정재 향한 '비난' 왜?
3. 대장동 변호인단 1차 관문 모두 통과…""대장동 특혜 공천""반발"
2024-02-20,"1. ""손흥민, 탁구 선수들 건드리지 마""…'탁구게이트' 풍자에 '발칵'
2. 유튜브 나왔던 '송중기 닮은꼴'…175억 '돈방석' 앉았다
3. 손흥민, 손가락 보호대 착용한 채…전지현과 미소 '포착'","1. “사건 터지기 전인데 이럴수가”…5개월 전 이강인 사주풀이 ‘소름’
2. “너네 나라로 돌아가라”…비난에 ‘이강인 찐팬’ 파비앙의 대답은
3. “아 XX” 욕 나와도 못 끊는 ‘이것’…이젠 20대까지 꼭 챙긴다는데","1. '서울 탱고'·'첫차' 부른 가수 방실이 별세…향년 61세
2. '끝장' 치닫는 박수홍 형제 소송전 결론은?…'회삿돈 횡령' 친형 징역 2년에 쌍방 항소
3. ""내 남편은 푸틴이 죽였다…곧 자세한 내용 공개""…'분노와 눈물'의 폭로 영상 SNS서 공개"
